requete,position,volume,trafic_estime,url
bulletin scolaire,4,1600,203,https://myscol.com/le-bulletin-scolaire-ou-bulletin-de-notes/
bulletin scolaire en ligne gratuit,10,1000,29,https://myscol.com/le-bulletin-scolaire-ou-bulletin-de-notes/
bulletin scolaire en ligne,8,480,21,https://myscol.com/le-bulletin-scolaire-ou-bulletin-de-notes/
bulletin de note,3,40,5,https://myscol.com/le-bulletin-scolaire-ou-bulletin-de-notes/
bulletin de note scolaire,5,20,1,https://myscol.com/le-bulletin-scolaire-ou-bulletin-de-notes/
bulletin de notation,8,40,1,https://myscol.com/le-bulletin-scolaire-ou-bulletin-de-notes/
bulletin de note scolaire en ligne,6,10,0,https://myscol.com/le-bulletin-scolaire-ou-bulletin-de-notes/
gestion de bibliothèque scolaire,8,10,0,https://myscol.com/bibliotheque-et-materiel/
bulletin de note lycée,11,1,0,https://myscol.com/le-bulletin-scolaire-ou-bulletin-de-notes/
logiciel de gestion des eleves gratuit,13,1,0,https://myscol.com/
telecharger logiciel de gestion d établissement scolaire gratuit,13,1,0,https://myscol.com/
logiciel de gestion de notes scolaires,18,1,0,https://myscol.com/
logiciel de gestion de notes scolaires gratuit,22,10,0,https://myscol.com/
logiciel de gestion de classe gratuit,24,10,0,https://myscol.com/
gestion inscription en ligne gratuit,30,10,0,https://myscol.com/gestion-inscription/
etablissement devis,42,1,0,https://myscol.com/devis-gratuit/
centre de soutien scolaire,45,10,0,https://myscol.com/soutien-scolaire/
site pour ecole,46,10,0,https://myscol.com/
etablissement de devis,47,10,0,https://myscol.com/devis-gratuit/
scol,50,40,0,https://myscol.com/
fournitures scolaire en ligne,64,10,0,https://myscol.com/gestion-des-fournitures-scolaires/
créer une inscription en ligne,73,10,0,https://myscol.com/gestion-inscription/
tableau de bord école,75,1,0,https://www.myscol.com/
soutien scolaire en ligne,75,10,0,https://myscol.com/soutien-scolaire/
fourniture scolaire en ligne,77,10,0,https://myscol.com/gestion-des-fournitures-scolaires/
portail école,84,1,0,https://myscol.com/
créer une école privée,93,1,0,https://myscol.com/
soutien en ligne,93,10,0,https://myscol.com/soutien-scolaire/
soutien scolaire en ligne gratuit,98,10,0,https://myscol.com/soutien-scolaire/
