requete,volume_ci,concurrence,cpc_usd
codipost,40500,LOW,
voir ma moyenne en ligne,12100,LOW,
www men dpes org matricule,3600,LOW,
voir ma moyenne en ligne côte d'ivoire,2400,LOW,
espace codipost,1900,LOW,
voir bulletin scolaire en ligne 2026,1900,LOW,
dsps ci moyenne de classe,1900,LOW,
dren abidjan 1,1600,LOW,0.22
voir bulletin scolaire en ligne deco,1600,LOW,
drena soubre,1300,LOW,
deco bulletin scolaire,1300,LOW,
pigier ci,1000,LOW,1.3
bulletin scolaire en ligne gratuit,1000,LOW,
drena,880,LOW,
mon bulletin scolaire en ligne,720,LOW,
voir ma moyenne en ligne côte d'ivoire pdf,590,LOW,
mon bulletin scolaire,480,LOW,
consulter bulletin scolaire,480,LOW,
drena abidjan 2,390,LOW,
drena abidjan 1,390,LOW,
voir sa carte scolaire en ligne,390,LOW,
carte d'identité scolaire matricule,390,LOW,
bulletin scolaire en ligne gratuit pdf,390,LOW,
drena abengourou,320,LOW,
drena abidjan 3,320,LOW,
carte scolaire,320,LOW,
liste des iepp,260,LOW,
lycée moderne d'abengourou,260,LOW,
drena abidjan 4,260,LOW,
dorex ci retrait de diplôme,260,LOW,
espace drena,210,LOW,
carte scolaire dsps,210,LOW,
les communes de la dren abidjan 2,170,LOW,
comment voir sa carte scolaire,170,LOW,
télécharger bulletin scolaire,170,LOW,
voir bulletin scolaire en ligne ci,170,LOW,
liste des drena,140,LOW,
liste des dren d'abidjan 1,110,LOW,
que signifie drena,90,LOW,
drena adzopé,90,LOW,
liste des dren de cote d'ivoire pdf,90,LOW,
bulletin de note scolaire en ligne cote d'ivoire,90,LOW,
drena yopougon,70,LOW,
dren abidjan 2 localisation,70,LOW,
dren abidjan 2 plateau,70,LOW,
ou est situé la dren 3 de yopougon,70,LOW,
carte d'identité scolaire à imprimer,70,LOW,
système lmd,70,LOW,
licence professionnelle en côte d'ivoire,70,LOW,0.15
ou est situé dren abidjan 1,50,LOW,
les communes de la dren abidjan 3,50,LOW,
dren abidjan 2 contact,40,LOW,
drena bondoukou,40,LOW,
drena abidjan 2 localisation,40,LOW,
que signifie drenaet,30,LOW,
drena aboisso,30,LOW,
drena abidjan 3 localisation,30,LOW,
photos de dren abidjan 1,30,LOW,
deco carte scolaire,30,LOW,
système lmd en côte d'ivoire,30,LOW,
les filières du dut en côte d'ivoire,30,LOW,
télécharger bulletin scolaire côte d'ivoire,30,LOW,
bulletin scolaire vierge pdf,30,LOW,
bulletin scolaire secondaire pdf,30,LOW,
drena 2,20,LOW,
les iep de la dren abidjan 3,20,LOW,
drena 3,20,LOW,
drena abidjan 1 localisation,20,LOW,
carte scolaire pdf,20,LOW,
carte d'identité scolaire collège,20,LOW,
carte scolaire en ligne 2025,20,LOW,
bulletin de notes,20,LOW,
bulletin de notes scolaire,20,LOW,
modèle bulletin scolaire word,20,LOW,
drena mankono,10,LOW,
quelles sont les communes de la dren abidjan 1,10,LOW,
www drena,10,LOW,
dren abidjan 3 yopougon,10,LOW,
les communes de la drena abidjan 1,10,LOW,
carte scolaire en ligne 2024,10,,
système lmd avantages et inconvénients,10,LOW,
système lmd crédits pdf,10,LOW,
objectif du système lmd,10,,
comment fonctionne le système lmd,10,LOW,3.66
inconvénient du système lmd,10,,
système lmd avantages et inconvénients pdf,10,LOW,
historique du système lmd,10,,
le système lmd en côte d'ivoire pdf,10,LOW,
liste des diplomes en cote d ivoire,10,LOW,
système lmd définition,10,LOW,
le système lmd pdf,10,,
quelle est la différence entre le système lmd et classique,10,,
réforme lmd date,10,,
les 8 domaines du reesao,10,,
plan de cours cames pdf,10,LOW,
programme des cours lmd en rdc,10,,
bulletin de note en ligne,10,LOW,
bulletin de note scolaire pdf,10,LOW,
bulletin scolaire vierge,10,LOW,
exemple de bulletin de notes scolaires,10,LOW,
bulletin de note scolaire en ligne,10,,
bulletin scolaire à remplir,10,LOW,
exemple de bulletin scolaire secondaire,10,LOW,
modèle bulletin scolaire excel gratuit,10,LOW,
logiciel gestion scolaire,10,LOW,
espace drena adzope,0,,
carte scolaire ivoirienne,0,,
carte scolaire primaire,0,,
dsps matricule élève,0,,
les avantages du système lmd en rdc,0,,
système lmd rdc pdf,0,,
les limites du système lmd,0,,
bulletin scolaire primaire pdf,0,,
bulletin scolaire en ligne gratuit 2023,0,,
école privée,0,,
