requete,pays,position,url,titre
logiciel de gestion scolaire,CI,1,https://ecole-futee.com/,École Futée
logiciel de gestion scolaire,CI,2,https://myscol.com/,MyScol
logiciel de gestion scolaire,CI,3,https://ges-sco.com/,GES-SCO
logiciel de gestion scolaire,CI,4,https://www.rosariosis.org/fr/articles/top-5-free-open-source-self-hosted-school-management-systems/,RosarioSIS
logiciel de gestion scolaire,CI,5,https://gestionecole.site/,gestionecole.site
logiciel de gestion scolaire,CI,6,https://koalendar.com/fr/blog/meilleurs-logiciels-de-gestion-scolaire,Koalendar
logiciel de gestion scolaire,CI,7,https://fr.getapp.ca/directory/42/school-administration/pricing/free/software,GetApp Canada
logiciel gestion scolaire côte d'ivoire,CI,1,https://myscol.com/,MyScol
logiciel gestion scolaire côte d'ivoire,CI,2,https://educgoon.com/,EDUC GO ON
logiciel gestion scolaire côte d'ivoire,CI,3,https://ges-sco.com/,GES-SCO
logiciel gestion scolaire côte d'ivoire,CI,4,https://ecole-futee.com/,École Futée
logiciel gestion scolaire côte d'ivoire,CI,5,http://smartecole.cloud/,smart ecole
logiciel gestion scolaire côte d'ivoire,CI,6,https://www.galactis.education/fr_FR/page/logiciel-de-gestion-scolaire-cote-d-ivoire,galactis.education
logiciel gestion scolaire côte d'ivoire,CI,7,https://www.ecolepro.net/,EcolePro
logiciel gestion scolaire côte d'ivoire,CI,8,https://www.appvizer.fr/education/admin-scolaire,Appvizer
logiciel gestion université lmd,CI,1,https://dspace.univ-tlemcen.dz/bitstreams/d5251813-6f5f-4c63-88bc-ce9ab74c24e6/download,جامعة تلمسان
logiciel gestion université lmd,CI,2,https://www.gsi-ci.com/produit/e-lmd/,GS2I-CI
logiciel gestion université lmd,CI,3,https://myscol.com/le-systeme-lmd-licence-master-doctorat-comprendre-lorganisation-des-etudes-superieures-en-europe/,MyScol
logiciel gestion université lmd,CI,4,https://www.facebook.com/lefaso.net/posts/la-rel%C3%A8ve-du-d%C3%A9fi-de-gestion-int%C3%A9grale-du-syst%C3%A8me-lmd-avec-easyschooleasyschool-/6094152900606734/,Facebook · LeFaso.net
logiciel gestion université lmd,CI,5,https://www.openproject.org/fr/gestion-projet-universite-recherche/,OpenProject
logiciel gestion université lmd,CI,6,https://www.getapp.fr/directory/31/academic/software,GetApp France
logiciel gestion université lmd,CI,7,https://saas.bvortex.com/blog/actualites-2/simplifier-la-gestion-de-votre-institut-universitaire-avec-odoo-lmd-5,saas.bvortex.com
logiciel gestion université lmd,CI,8,https://www.letudiant.fr/etudes/fac/qu-est-ce-que-le-systeme-lmd-licence-master-doctorat.html,L'Etudiant
application gestion école abidjan,CI,1,https://myscol.com/,MyScol
application gestion école abidjan,CI,2,https://ecole-futee.com/,École Futée
application gestion école abidjan,CI,3,https://ges-sco.com/,GES-SCO
application gestion école abidjan,CI,4,https://www.rosariosis.org/fr/,RosarioSIS
application gestion école abidjan,CI,5,https://fr.getapp.ca/directory/42/school-administration/pricing/free/software,GetApp Canada
application gestion école abidjan,CI,6,https://kolonell.com/fr/blog/app-gestion-scolaire-ecole-abidjan-2026,Kolonell
application gestion école abidjan,CI,7,https://lakoli.com/,lakoli.com
application gestion école abidjan,CI,8,https://www.facebook.com/events/abidjan/lancement-bient%C3%B4t-de-lapplication-gide-gestion-intelligente-des-ecoles/1484230255159514/,Facebook
logiciel gestion scolaire bénin,BJ,1,https://africscol.com/benin/,africscol.com
logiciel gestion scolaire bénin,BJ,2,https://www.galactis.education/fr_FR/page/logiciel-de-gestion-scolaire-benin,galactis.education
logiciel gestion scolaire bénin,BJ,3,https://evolutiosystem.com/portfolio/corossol-gestion-scolaire/,Evolutio System
logiciel gestion scolaire bénin,BJ,4,https://www.educprosolution.com/a-propos,educpro solution
logiciel gestion scolaire bénin,BJ,5,https://action-education.org/au-benin-des-outils-de-suivi-scolaire-innovants-et-adaptes-pour-le-maintien-des-eleves-a-lecole-2/,Action Education
logiciel gestion scolaire bénin,BJ,6,https://successco.bj/,successco.bj
logiciel gestion scolaire bénin,BJ,7,https://fallcontech.com/services/gestion-ecole-formation-benin,fallcontech.com
logiciel gestion scolaire bénin,BJ,8,http://topsystem-group.com/gessco.php,topsystem-group.com
calcul de moyenne bulletin côte d'ivoire,CI,1,https://agfne.sigfne.net/edit/moyenne/,agfne.sigfne.net
calcul de moyenne bulletin côte d'ivoire,CI,2,https://fr.scribd.com/document/616821822/INFORMATIQUE-PRATIQUE-N-6,Scribd
calcul de moyenne bulletin côte d'ivoire,CI,3,https://rea.mendob.ci/sygdob/files/mocalculator.php,SYGDOB
calcul de moyenne bulletin côte d'ivoire,CI,4,https://www.ivoirematin.com/fr/news/Education/tout-savoir-sur-le-calcul-de-la-moyenne-annuelle-en-cote-divoire_n_120601.html,Ivoirematin
calcul de moyenne bulletin côte d'ivoire,CI,5,https://www.facebook.com/CiAffairage/posts/calcul-de-la-moyenne-annuelle-en-c%C3%B4te-divoire-r%C3%A8gles-coefficients-et-conditions-/1676919414441176/,Facebook · Affairage.ci
calcul de moyenne bulletin côte d'ivoire,CI,6,https://certification.uvci.online/main/formations/calcul-de-salaire-et-lecture-d-un-bulletin-de-salaire-en-cte-d-ivoire,Certification UVCI
calcul de moyenne bulletin côte d'ivoire,CI,7,https://www.education.gouv.ci/assets/pdf/Reseau/Enseignement/fichier_7.pdf,Site officiel du MENA
calcul de moyenne bulletin côte d'ivoire,CI,8,https://cotedivoirepaie.ci/simulation-de-paie/,Côte d'ivoire Paie
